Split,Run,Label,Label_Name,Candidate_Windows,Kept_Windows,Removed_Windows,Removed_nan_or_inf,Removed_flat_channel,Removed_amplitude_over_100uV,Removal_Rate_%
test,04,-1,Rest,1680,1329,351,0,0,351,20.892857142857142
test,04,0,Left,854,726,128,0,0,128,14.988290398126464
test,04,1,Right,819,682,137,0,0,137,16.727716727716725
test,08,-1,Rest,1680,1118,562,0,0,562,33.45238095238095
test,08,0,Left,833,649,184,0,0,184,22.088835534213686
test,08,1,Right,833,611,222,0,0,222,26.650660264105642
test,12,-1,Rest,1680,1149,531,0,0,531,31.607142857142854
test,12,0,Left,840,662,178,0,0,178,21.19047619047619
test,12,1,Right,826,601,225,0,0,225,27.239709443099276
train,04,-1,Rest,7560,6209,1351,0,0,1351,17.87037037037037
train,04,0,Left,3815,3232,583,0,0,583,15.281782437745742
train,04,1,Right,3724,3070,654,0,0,654,17.561761546723954
train,08,-1,Rest,7560,5943,1617,0,0,1617,21.38888888888889
train,08,0,Left,3787,3022,765,0,0,765,20.200686559281753
train,08,1,Right,3731,2932,799,0,0,799,21.415170195658
train,12,-1,Rest,7560,5838,1722,0,0,1722,22.77777777777778
train,12,0,Left,3801,2962,839,0,0,839,22.07313864772428
train,12,1,Right,3724,2878,846,0,0,846,22.717508055853923
val,04,-1,Rest,1575,1328,247,0,0,247,15.682539682539682
val,04,0,Left,791,707,84,0,0,84,10.619469026548673
val,04,1,Right,784,699,85,0,0,85,10.841836734693878
val,08,-1,Rest,1575,1236,339,0,0,339,21.523809523809522
val,08,0,Left,784,656,128,0,0,128,16.3265306122449
val,08,1,Right,791,684,107,0,0,107,13.527180783817952
val,12,-1,Rest,1575,1229,346,0,0,346,21.96825396825397
val,12,0,Left,784,618,166,0,0,166,21.1734693877551
val,12,1,Right,791,647,144,0,0,144,18.20480404551201
