Split,Subject,Run,T0_Count,T1_Count,T2_Count,Total_Valid_Events,Epochs_0_to_4sec
train,S001,04,15,8,7,30,30
train,S001,08,15,8,7,30,30
train,S001,12,15,7,8,30,30
train,S002,04,15,7,8,30,30
train,S002,08,15,8,7,30,30
train,S002,12,15,8,7,30,30
train,S003,04,15,8,7,30,30
train,S003,08,15,7,8,30,30
train,S003,12,15,8,7,30,30
train,S004,04,15,8,7,30,30
train,S004,08,15,7,8,30,30
train,S004,12,15,8,7,30,30
train,S005,04,15,7,8,30,30
train,S005,08,15,7,8,30,30
train,S005,12,15,7,8,30,30
train,S006,04,15,8,7,30,30
train,S006,08,15,8,7,30,30
train,S006,12,15,8,7,30,30
train,S008,04,15,7,8,30,30
train,S008,08,15,7,8,30,30
train,S008,12,15,8,7,30,30
train,S010,04,15,8,7,30,30
train,S010,08,15,8,7,30,30
train,S010,12,15,8,7,30,30
train,S011,04,15,8,7,30,30
train,S011,08,15,7,8,30,30
train,S011,12,15,8,7,30,30
train,S016,04,15,7,8,30,30
train,S016,08,15,8,7,30,30
train,S016,12,15,7,8,30,30
train,S017,04,15,7,8,30,30
train,S017,08,15,8,7,30,30
train,S017,12,15,8,7,30,30
train,S018,04,15,7,8,30,30
train,S018,08,15,8,7,30,30
train,S018,12,15,7,8,30,30
train,S019,04,15,8,7,30,30
train,S019,08,15,8,7,30,30
train,S019,12,15,7,8,30,30
train,S021,04,15,8,7,30,30
train,S021,08,15,8,7,30,30
train,S021,12,15,8,7,30,30
train,S022,04,15,7,8,30,30
train,S022,08,15,8,7,30,30
train,S022,12,15,7,8,30,30
train,S024,04,15,7,8,30,30
train,S024,08,15,7,8,30,30
train,S024,12,15,8,7,30,30
train,S025,04,15,7,8,30,30
train,S025,08,15,7,8,30,30
train,S025,12,15,8,7,30,30
train,S026,04,15,8,7,30,30
train,S026,08,15,8,7,30,30
train,S026,12,15,8,7,30,30
train,S027,04,15,8,7,30,30
train,S027,08,15,7,8,30,30
train,S027,12,15,8,7,30,30
train,S028,04,15,8,7,30,30
train,S028,08,15,7,8,30,30
train,S028,12,15,7,8,30,30
train,S029,04,15,8,7,30,30
train,S029,08,15,8,7,30,30
train,S029,12,15,7,8,30,30
train,S030,04,15,8,7,30,30
train,S030,08,15,8,7,30,30
train,S030,12,15,8,7,30,30
train,S032,04,15,7,8,30,30
train,S032,08,15,7,8,30,30
train,S032,12,15,7,8,30,30
train,S033,04,15,8,7,30,30
train,S033,08,15,8,7,30,30
train,S033,12,15,7,8,30,30
train,S034,04,15,7,8,30,30
train,S034,08,15,7,8,30,29
train,S034,12,15,7,8,30,29
train,S038,04,15,8,7,30,30
train,S038,08,15,8,7,30,30
train,S038,12,15,7,8,30,30
train,S039,04,15,8,7,30,30
train,S039,08,15,8,7,30,30
train,S039,12,15,7,8,30,30
train,S040,04,15,7,8,30,30
train,S040,08,15,7,8,30,30
train,S040,12,15,7,8,30,30
train,S041,04,15,8,7,30,30
train,S041,08,15,8,7,30,29
train,S041,12,15,8,7,30,30
train,S043,04,15,8,7,30,30
train,S043,08,15,7,8,30,30
train,S043,12,15,8,7,30,30
train,S044,04,15,7,8,30,30
train,S044,08,15,7,8,30,30
train,S044,12,15,8,7,30,30
train,S046,04,15,8,7,30,30
train,S046,08,15,7,8,30,30
train,S046,12,15,8,7,30,30
train,S047,04,15,8,7,30,30
train,S047,08,15,8,7,30,30
train,S047,12,15,8,7,30,30
train,S049,04,15,7,8,30,30
train,S049,08,15,8,7,30,30
train,S049,12,15,8,7,30,30
train,S051,04,15,8,7,30,30
train,S051,08,15,8,7,30,30
train,S051,12,15,8,7,30,30
train,S052,04,15,8,7,30,30
train,S052,08,15,8,7,30,30
train,S052,12,15,8,7,30,30
train,S053,04,15,7,8,30,30
train,S053,08,15,7,8,30,30
train,S053,12,15,8,7,30,30
train,S056,04,15,7,8,30,30
train,S056,08,15,7,8,30,30
train,S056,12,15,8,7,30,30
train,S057,04,15,8,7,30,30
train,S057,08,15,8,7,30,30
train,S057,12,15,8,7,30,30
train,S058,04,15,8,7,30,30
train,S058,08,15,8,7,30,30
train,S058,12,15,8,7,30,30
train,S060,04,15,7,8,30,30
train,S060,08,15,8,7,30,30
train,S060,12,15,8,7,30,30
train,S061,04,15,7,8,30,30
train,S061,08,15,8,7,30,30
train,S061,12,15,7,8,30,30
train,S062,04,15,7,8,30,30
train,S062,08,15,8,7,30,30
train,S062,12,15,8,7,30,30
train,S063,04,15,7,8,30,30
train,S063,08,15,7,8,30,30
train,S063,12,15,8,7,30,30
train,S064,04,15,8,7,30,30
train,S064,08,15,8,7,30,30
train,S064,12,15,7,8,30,29
train,S069,04,15,8,7,30,30
train,S069,08,15,8,7,30,30
train,S069,12,15,8,7,30,30
train,S070,04,15,7,8,30,30
train,S070,08,15,8,7,30,30
train,S070,12,15,7,8,30,30
train,S071,04,15,8,7,30,30
train,S071,08,15,7,8,30,30
train,S071,12,15,7,8,30,30
train,S072,04,15,7,8,30,29
train,S072,08,15,7,8,30,29
train,S072,12,15,8,7,30,30
train,S073,04,15,8,7,30,29
train,S073,08,15,8,7,30,29
train,S073,12,15,7,8,30,29
train,S074,04,15,8,7,30,30
train,S074,08,15,8,7,30,29
train,S074,12,15,8,7,30,29
train,S076,04,15,8,7,30,29
train,S076,08,15,8,7,30,29
train,S076,12,15,7,8,30,29
train,S077,04,15,7,8,30,30
train,S077,08,15,7,8,30,30
train,S077,12,15,7,8,30,30
train,S079,04,15,8,7,30,30
train,S079,08,15,7,8,30,30
train,S079,12,15,7,8,30,30
train,S080,04,15,7,8,30,30
train,S080,08,15,8,7,30,30
train,S080,12,15,8,7,30,30
train,S081,04,15,7,8,30,30
train,S081,08,15,7,8,30,30
train,S081,12,15,8,7,30,30
train,S082,04,15,8,7,30,30
train,S082,08,15,7,8,30,30
train,S082,12,15,8,7,30,30
train,S083,04,15,8,7,30,30
train,S083,08,15,7,8,30,30
train,S083,12,15,7,8,30,30
train,S084,04,15,8,7,30,30
train,S084,08,15,8,7,30,30
train,S084,12,15,7,8,30,30
train,S086,04,15,8,7,30,30
train,S086,08,15,7,8,30,30
train,S086,12,15,7,8,30,30
train,S087,04,15,8,7,30,30
train,S087,08,15,7,8,30,30
train,S087,12,15,7,8,30,30
train,S091,04,15,8,7,30,30
train,S091,08,15,7,8,30,30
train,S091,12,15,7,8,30,30
train,S093,04,15,8,7,30,30
train,S093,08,15,8,7,30,30
train,S093,12,15,7,8,30,30
train,S095,04,15,7,8,30,30
train,S095,08,15,8,7,30,30
train,S095,12,15,8,7,30,30
train,S097,04,15,8,7,30,30
train,S097,08,15,7,8,30,30
train,S097,12,15,8,7,30,30
train,S098,04,15,8,7,30,30
train,S098,08,15,8,7,30,30
train,S098,12,15,7,8,30,30
train,S099,04,15,7,8,30,30
train,S099,08,15,8,7,30,30
train,S099,12,15,7,8,30,30
train,S101,04,15,8,7,30,30
train,S101,08,15,7,8,30,30
train,S101,12,15,7,8,30,30
train,S103,04,15,7,8,30,30
train,S103,08,15,8,7,30,30
train,S103,12,15,7,8,30,30
train,S105,04,15,8,7,30,30
train,S105,08,15,7,8,30,30
train,S105,12,15,8,7,30,30
train,S107,04,15,8,7,30,30
train,S107,08,15,8,7,30,30
train,S107,12,15,8,7,30,30
train,S109,04,15,7,8,30,30
train,S109,08,15,8,7,30,30
train,S109,12,15,8,7,30,30
