Subject,Split,Random_Seed
S001,train,42
S002,train,42
S003,train,42
S004,train,42
S005,train,42
S006,train,42
S008,train,42
S010,train,42
S011,train,42
S016,train,42
S017,train,42
S018,train,42
S019,train,42
S021,train,42
S022,train,42
S024,train,42
S025,train,42
S026,train,42
S027,train,42
S028,train,42
S029,train,42
S030,train,42
S032,train,42
S033,train,42
S034,train,42
S038,train,42
S039,train,42
S040,train,42
S041,train,42
S043,train,42
S044,train,42
S046,train,42
S047,train,42
S049,train,42
S051,train,42
S052,train,42
S053,train,42
S056,train,42
S057,train,42
S058,train,42
S060,train,42
S061,train,42
S062,train,42
S063,train,42
S064,train,42
S069,train,42
S070,train,42
S071,train,42
S072,train,42
S073,train,42
S074,train,42
S076,train,42
S077,train,42
S079,train,42
S080,train,42
S081,train,42
S082,train,42
S083,train,42
S084,train,42
S086,train,42
S087,train,42
S091,train,42
S093,train,42
S095,train,42
S097,train,42
S098,train,42
S099,train,42
S101,train,42
S103,train,42
S105,train,42
S107,train,42
S109,train,42
S007,val,42
S012,val,42
S031,val,42
S035,val,42
S045,val,42
S050,val,42
S055,val,42
S059,val,42
S068,val,42
S075,val,42
S085,val,42
S090,val,42
S094,val,42
S096,val,42
S108,val,42
S009,test,42
S013,test,42
S014,test,42
S015,test,42
S020,test,42
S023,test,42
S036,test,42
S037,test,42
S042,test,42
S048,test,42
S054,test,42
S065,test,42
S066,test,42
S067,test,42
S078,test,42
S102,test,42
